{
  "test_loss": 0.0028651698058194215,
  "test_acc": 0.9988335277453758,
  "test_prec": 0.9996661101836394,
  "test_rec": 0.998,
  "test_f1": 0.9988323603002502,
  "test_auc": 0.999996001332889,
  "report": {
    "Negative": {
      "precision": 0.998003992015968,
      "recall": 0.9996667777407531,
      "f1-score": 0.9988346928583319,
      "support": 3001.0
    },
    "Positive": {
      "precision": 0.9996661101836394,
      "recall": 0.998,
      "f1-score": 0.9988323603002502,
      "support": 3000.0
    },
    "accuracy": 0.9988335277453758,
    "macro avg": {
      "precision": 0.9988350510998036,
      "recall": 0.9988333888703765,
      "f1-score": 0.9988335265792911,
      "support": 6001.0
    },
    "weighted avg": {
      "precision": 0.9988349126130375,
      "recall": 0.9988335277453758,
      "f1-score": 0.9988335267736387,
      "support": 6001.0
    }
  }
}