epoch,train_loss,train_acc,val_loss,val_acc,val_prec,val_rec,val_f1,val_auc,lr
1,0.0430336173055773,0.9872138290653237,0.007875800129026174,0.9981666666666666,0.9966766367563975,0.9996666666666667,0.9981694125478449,0.9998842222222223,0.0018090169943749475
2,0.012565181206199582,0.9963927283117254,0.009105718907589714,0.9986666666666667,0.9983344437041972,0.999,0.9986671109630123,0.9999509999999999,0.0013090169943749475
3,0.008170473089397683,0.9975713418336369,0.005536836466441552,0.9991666666666666,0.9990003332222592,0.9993333333333333,0.9991668055324112,0.9999876666666666,0.0006909830056250527
4,0.005587451282038605,0.998392799742848,0.0030847495885876317,0.999,0.9986675549633578,0.9993333333333333,0.9990003332222592,0.9999941111111111,0.00019098300562505265
5,0.004285386711998508,0.9987499553555484,0.0037110698983694114,0.9991666666666666,0.9990003332222592,0.9993333333333333,0.9991668055324112,0.9999873333333333,0.0
